game_name,review_text,sentiment,source,app_id,voted_up,timestamp_created,playtime_forever,language,votes_up,weighted_vote_score,steam_purchase,received_for_free,written_during_early_access
Counter-Strike 2,кал страшний,negative,steam_live,730,False,1778961959,34792,ukrainian,0,0.5,True,False,False
Counter-Strike 2,импа а не игра,positive,steam_live,730,True,1778961929,17684,russian,0,0.5,True,False,False
Counter-Strike 2,мать габена жирная шкура,negative,steam_live,730,False,1778961899,3302,russian,0,0.5,True,False,False
Counter-Strike 2,good,positive,steam_live,730,True,1778961865,1883,english,0,0.5,True,False,False
Counter-Strike 2,müq,positive,steam_live,730,True,1778961820,5923,turkish,0,0.5,True,False,False
Counter-Strike 2,bullying,negative,steam_live,730,False,1778961771,81873,polish,0,0.5,True,False,False
Counter-Strike 2,ходишь убиваешь ну впринсыпе как в реальной жизни мой обычный день,positive,steam_live,730,True,1778961741,74197,russian,0,0.5,True,False,False
Counter-Strike 2,yh,positive,steam_live,730,True,1778961727,3066,english,0,0.5,True,False,False
Counter-Strike 2,Oyunda hiç hile yok,negative,steam_live,730,False,1778961702,5639,turkish,1,0.523809552192687988,True,False,False
Counter-Strike 2,"Ich bin viel zu schlecht für dieses game UwU!!!
Kann mich jemand carryn ⚢⚢⚢⚢⚢ bittie daddys",negative,steam_live,730,False,1778961663,9362,german,0,0.5,True,False,False
Counter-Strike 2,♥♥♥♥♥,positive,steam_live,730,True,1778961644,6660,russian,0,0.5,True,False,False
Counter-Strike 2,),positive,steam_live,730,True,1778961601,3801,french,0,0.5,True,False,False
Counter-Strike 2,GEILED SPIEL,positive,steam_live,730,True,1778961533,15119,german,0,0.5,True,False,False
Counter-Strike 2,Defold CS2,positive,steam_live,730,True,1778961485,347,russian,0,0.5,True,False,False
Counter-Strike 2,"Играть в принципе можно, желательно конечно не одному, а с друзьями. Так веселее.)",positive,steam_live,730,True,1778961465,2204,russian,1,0.523809552192687988,True,False,False
Counter-Strike 2,"Качаю звание, все супер",positive,steam_live,730,True,1778961448,249,russian,0,0.5,True,False,False
Counter-Strike 2,gowno jebbane,negative,steam_live,730,False,1778961395,42463,english,0,0.5,True,False,False
Counter-Strike 2,best license ever made.,positive,steam_live,730,True,1778961386,143525,french,0,0.5,True,False,False
Counter-Strike 2,нет,positive,steam_live,730,True,1778961368,14278,russian,0,0.5,True,False,False
Counter-Strike 2,game is full of cheaters and russians and kids there is no fun anymore,negative,steam_live,730,False,1778961351,50255,english,0,0.5,True,False,False
Counter-Strike 2,почему,positive,steam_live,730,True,1778961295,12412,russian,0,0.5,True,False,False
Counter-Strike 2,♥♥♥♥♥♥,negative,steam_live,730,False,1778961291,11942,russian,0,0.5,True,False,False
Counter-Strike 2,this is the best game in the world,positive,steam_live,730,True,1778961167,29771,english,0,0.5,True,False,False
Counter-Strike 2,"Отличная игра, топ",positive,steam_live,730,True,1778961144,1112,russian,0,0.5,True,False,False
Counter-Strike 2,норм игра,positive,steam_live,730,True,1778961128,4666,russian,0,0.5,True,False,False
Counter-Strike 2,.,positive,steam_live,730,True,1778961022,66162,english,0,0.5,True,False,False
Counter-Strike 2,ну плюс минус,positive,steam_live,730,True,1778960952,77734,russian,0,0.5,True,False,False
Counter-Strike 2,♥♥♥♥♥ полная,positive,steam_live,730,True,1778960910,5315,russian,0,0.5,True,False,False
Counter-Strike 2,"Skins zu kaufen fühlt sich geiler an als sex (hatte noch nie weil ich sowas spiele), aber kann meine skins kaum sehen weil ich durchgehend sterbe an gegener die eine thermalsicht durch wände haben",negative,steam_live,730,False,1778960910,1813,german,0,0.5,True,False,False
Counter-Strike 2,Игра сломана. Отзывы накручены. Из 10 каток в 9 попадаются читеры. Хотите Нервов играйте с удовольствием,negative,steam_live,730,False,1778960858,30246,russian,0,0.5,True,False,False
Counter-Strike 2,"Really adictive but hella fun but with low trust factor it has a high chance to play with cheaters and its an issue thats being handeled with but very slowly. (and just becouse some kid absalutely destroyed you with a SSG 08 doesnt mean they are cheating ""bek1nd"" so turning your trigger bot to max after round 2 doesnt cancel it out only ruins the game!)",positive,steam_live,730,True,1778960851,4641,english,0,0.5,True,False,False
Counter-Strike 2,njg,positive,steam_live,730,True,1778960782,414,russian,0,0.5,True,False,False
Counter-Strike 2,good team,positive,steam_live,730,True,1778960730,1597,english,0,0.5,True,False,False
Counter-Strike 2,good,positive,steam_live,730,True,1778960707,77293,english,0,0.5,True,False,False
Counter-Strike 2,Ничо нормална пойдет пиред,positive,steam_live,730,True,1778960706,4254,russian,0,0.5,True,False,False
Counter-Strike 2,bad,positive,steam_live,730,True,1778960702,66,german,0,0.5,True,False,False
Counter-Strike 2,"игра хорошая,играю с друзьями и сам. Очень дружелюбные союзники(не все)",positive,steam_live,730,True,1778960697,1967,russian,0,0.5,True,False,False
Counter-Strike 2,only cheters,negative,steam_live,730,False,1778960679,1930,english,0,0.5,True,False,False
Counter-Strike 2,ну норм,positive,steam_live,730,True,1778960636,4273,russian,0,0.5,True,False,False
Counter-Strike 2,у меня 67 часов,positive,steam_live,730,True,1778960601,4599,russian,0,0.5,True,False,False
Counter-Strike 2,hile yapmadığım halde ban yedim,negative,steam_live,730,False,1778960583,20786,turkish,0,0.5,True,False,False
Counter-Strike 2,best of the best,positive,steam_live,730,True,1778960551,2058,russian,0,0.5,True,False,False
Counter-Strike 2,yebat ruskow,negative,steam_live,730,False,1778960522,28213,polish,0,0.5,True,False,False
Counter-Strike 2,Good game,positive,steam_live,730,True,1778960432,19940,english,1,0.523809552192687988,True,False,False
Counter-Strike 2,bra,positive,steam_live,730,True,1778960429,5020,swedish,0,0.5,True,False,False
Counter-Strike 2,V社你乱改你老冯呢,positive,steam_live,730,True,1778960419,15744,schinese,0,0.5,True,False,False
Counter-Strike 2,"классная игра, советую не скачивать",positive,steam_live,730,True,1778960411,41319,russian,0,0.5,True,False,False
Counter-Strike 2,Зачем я покупал прайм если везде читеры. Обьясните мне,negative,steam_live,730,False,1778960411,11848,russian,0,0.5,True,False,False
Counter-Strike 2,nice,positive,steam_live,730,True,1778960386,77519,turkish,0,0.5,True,False,False
Counter-Strike 2,Ниче такая,positive,steam_live,730,True,1778960383,16712,russian,0,0.5,True,False,False
Counter-Strike 2,"Love getting shouted at and praised by Russians. Best game for stress relieving.

10/10 WOULD RECOMMEND",positive,steam_live,730,True,1778960356,18993,english,0,0.5,True,False,False
Counter-Strike 2,залупа,positive,steam_live,730,True,1778960353,4888,russian,0,0.5,True,False,False
Counter-Strike 2,".hjgnkömn
,",positive,steam_live,730,True,1778960348,30987,turkish,0,0.5,True,False,False
Counter-Strike 2,Говно 2 очень хороший шутер особенно для тех кто любит мужчин.,positive,steam_live,730,True,1778960176,1608,russian,0,0.5,True,False,False
Counter-Strike 2,yes,positive,steam_live,730,True,1778960171,984,english,0,0.5,True,False,False
Counter-Strike 2,good,positive,steam_live,730,True,1778960139,7337,swedish,0,0.5,True,False,False
Counter-Strike 2,щкууууууууууууууууууу,positive,steam_live,730,True,1778960125,18329,russian,0,0.5,True,False,False
Counter-Strike 2,Nice to play with your friends...  the way  how to become enemy...,positive,steam_live,730,True,1778960087,3640,english,0,0.5,True,False,False
Counter-Strike 2,"Fast, tense, and weirdly addictive. It’s the only game where walking slowly feels like genius strategy and missing every shot is clearly just “team support.” Fast, tense, and endlessly fun. 10/10 - would get flashed by my own teammate again",positive,steam_live,730,True,1778960052,156986,english,0,0.5,True,False,False
Counter-Strike 2,ВНКЕЕ,positive,steam_live,730,True,1778960038,1964,russian,0,0.5,True,False,False
Counter-Strike 2,GAME GOOD BUT BAD PLAYERS,negative,steam_live,730,False,1778960000,40096,polish,0,0.5,True,False,False
Counter-Strike 2,топ топ топ оооооооооооооооооооооооооооооооо,positive,steam_live,730,True,1778959936,7181,russian,0,0.5,True,False,False
Counter-Strike 2,дрисня от вольво во-первых баганое во-вторых ♥♥♥♥♥ собачая с читаками,negative,steam_live,730,False,1778959929,8563,ukrainian,0,0.5,True,False,False
Counter-Strike 2,spoko gra,positive,steam_live,730,True,1778959905,6341,polish,0,0.5,True,False,False
Counter-Strike 2,...,positive,steam_live,730,True,1778959868,10233,russian,0,0.5,True,False,False
Counter-Strike 2,You'll find less cheaters on Tinder,negative,steam_live,730,False,1778959835,6657,german,0,0.5,True,False,False
Counter-Strike 2,JEBAN E GÓWNO JEBAC DASTA 2,negative,steam_live,730,False,1778959811,71113,polish,0,0.5,True,False,False
Counter-Strike 2,TA,positive,steam_live,730,True,1778959811,442,polish,0,0.5,True,False,False
Counter-Strike 2,skatopaixnido,positive,steam_live,730,True,1778959802,328,english,0,0.5,True,False,False
Counter-Strike 2,top game for the top g's,positive,steam_live,730,True,1778959777,16163,english,0,0.5,True,False,False
Counter-Strike 2,Нерегает ничуя советую,positive,steam_live,730,True,1778959768,15128,russian,0,0.5,True,False,False
Counter-Strike 2,"CS2 has become one of the worst examples of corruption and neglect in competitive gaming. The game is completely infested with cheaters using hacks, wallhacks, aimbots, and every kind of blatant cheat imaginable, while VALVE and STEAM keep looking the other way.

It is impossible to believe that after so many years and millions of dollars earned, they are still unable to clean up the game. The reality seems very different: they do not want to do it because keeping those accounts active is profitable for them. As long as cheaters continue buying skins, trading items, and generating money through STEAM, nothing serious will ever be done against them.

Corruption has reached even the gaming industry. Legitimate players report cheaters for months or years, yet those same accounts remain active ruining matches every single day. VALVE and STEAM seem to side with hackers and cheaters instead of protecting honest players who only want a fair experience.

CS2 no longer rewards skill; it rewards whoever uses better hacks and is less afraid of getting banned. The anti-cheat system is a complete joke, and the competitive community has been destroyed.

After thousands of hours, I have decided to permanently quit this game. I will not continue supporting a platform that allows this level of garbage and negligence while they keep getting richer at the expense of normal players.

CS2 is dead for anyone who still believes in fair play.",negative,steam_live,730,False,1778959745,38758,english,0,0.5,True,False,False
Counter-Strike 2,ee,positive,steam_live,730,True,1778959725,2888,polish,0,0.5,True,False,False
Counter-Strike 2,paulin,positive,steam_live,730,True,1778959689,1878,polish,0,0.5,True,False,False
Counter-Strike 2,ну там стреляешь и круто,positive,steam_live,730,True,1778959639,2087,russian,1,0.523809552192687988,True,False,False
Counter-Strike 2,крутень,positive,steam_live,730,True,1778959623,1613,russian,0,0.5,True,False,False
Counter-Strike 2,0/10 game would definitely reccomend,positive,steam_live,730,True,1778959535,33230,english,0,0.5,True,False,False
Counter-Strike 2,кайф,positive,steam_live,730,True,1778959525,87933,russian,0,0.5,True,False,False
Counter-Strike 2,Aprendí un poco de brasilero gracias a este juego. 10/10,positive,steam_live,730,True,1778959524,31822,spanish,0,0.5,True,False,False
Counter-Strike 2,Исправили много багов,positive,steam_live,730,True,1778959513,499,russian,0,0.5,True,False,False
Counter-Strike 2,game is very fun,positive,steam_live,730,True,1778959510,1684,english,0,0.5,True,False,False
Counter-Strike 2,одни читеры,negative,steam_live,730,False,1778959405,4799,russian,0,0.5,True,False,False
Counter-Strike 2,топ игра,positive,steam_live,730,True,1778959404,7322,russian,0,0.5,True,False,False
Counter-Strike 2,so good,positive,steam_live,730,True,1778959401,9584,danish,0,0.5,True,False,False
Counter-Strike 2,читеров многа,positive,steam_live,730,True,1778959370,70302,russian,0,0.5,True,False,False
Counter-Strike 2,You'll find less cheaters on Tinder,negative,steam_live,730,False,1778959354,8085,english,1,0.5,True,False,False
Counter-Strike 2,waw,positive,steam_live,730,True,1778959180,47794,english,0,0.5,True,False,False
Counter-Strike 2,888,positive,steam_live,730,True,1778959111,53335,turkish,0,0.5,True,False,False
Counter-Strike 2,(,negative,steam_live,730,False,1778959088,42559,russian,0,0.5,True,False,False
Counter-Strike 2,best game ever,positive,steam_live,730,True,1778959024,20184,english,1,0.523809552192687988,True,False,False
Counter-Strike 2,a,positive,steam_live,730,True,1778959018,18873,turkish,0,0.5,True,False,False
Counter-Strike 2,круто,positive,steam_live,730,True,1778958933,9562,russian,0,0.5,True,False,False
Counter-Strike 2,remove russians from this game then 10/10,positive,steam_live,730,True,1778958902,9467,english,0,0.5,True,False,False
Counter-Strike 2,люблю когда меня в жопу ♥♥♥♥,positive,steam_live,730,True,1778958844,18926,russian,0,0.5,True,False,False
Counter-Strike 2,"EN| Counter-Strike 2 is completely unplayable right now. The game is full of cheaters using hacks and blatant wallhacks/aimbots in almost every match. Valve seems unable or unwilling to fix the problem, and it ruins the experience for legitimate players. What used to be a competitive and enjoyable game has turned into a frustrating waste of time. I can’t recommend this game to anyone anymore. I’ve personally stopped playing because the cheating situation is out of control.

ES| Counter-Strike 2 es completamente injugable ahora mismo. El juego está lleno de tramposos usando hacks y wallhacks/aimbots descarados en casi todas las partidas. Valve parece incapaz o sin intención de solucionar el problema, y eso arruina la experiencia para los jugadores legítimos. Lo que antes era un juego competitivo y divertido se ha convertido en una pérdida de tiempo frustrante. Ya no puedo recomendar este juego a nadie. Personalmente he dejado de jugar porque la situación con los cheaters está fuera de control.

FR| Counter-Strike 2 est complètement injouable actuellement. Le jeu est rempli de tricheurs utilisant des hacks, wallhacks et aimbots dans presque chaque partie. Valve semble incapable ou peu motivé à résoudre le problème, ce qui détruit totalement l’expérience des joueurs honnêtes. Ce qui était autrefois un jeu compétitif et amusant est devenu une expérience frustrante et une perte de temps. Je ne recommande plus ce jeu à personne. Personnellement, j’ai arrêté d’y jouer parce que la situation des cheaters est hors de contrôle.

RU| Counter-Strike 2 сейчас абсолютно неиграбелен. Игра переполнена читерами, использующими хаки, wallhack и aimbot почти в каждом матче. Valve, похоже, не способна или не хочет решать эту проблему, из-за чего честные игроки полностью теряют удовольствие от игры. То, что раньше было соревновательной и увлекательной игрой, превратилось в сплошное разочарование и пустую трату времени. Я больше никому не могу рекомендовать эту игру. Лично я перестал играть, потому что ситуация с читерами вышла из-под контроля.",negative,steam_live,730,False,1778958799,28621,english,1,0.5,True,False,False
Counter-Strike 2,wylewu dostalem,positive,steam_live,730,True,1778958708,34939,english,0,0.5,True,False,False
Counter-Strike 2,答辩,negative,steam_live,730,False,1778958689,4177,schinese,0,0.5,True,False,False
Counter-Strike 2,https://steamcommunity.com/profiles/76561198113666193/inventory/#730_2_30625055369,positive,steam_live,730,True,1778958640,4225,french,0,0.5,True,False,False
Counter-Strike 2,4,positive,steam_live,730,True,1778958633,27548,hungarian,0,0.5,True,False,False
Counter-Strike 2,我不是人机很好玩就是没有固排,positive,steam_live,730,True,1778958613,9869,schinese,0,0.5,True,False,False
